Limit_Version:,
0,
PS_Config_Lmt_Short_TXRX_P:,
3500,3500,3500,3500,3500,3500,3500,3500,3500,3500,3500,3500,3500,3500,3500,3500,3500,
3500,3500,3500,3500,3500,3500,3500,3500,3500,3500,3500,3500,3500,3500,3500,3500,3500,
3500,3500,3500,3500,3500,3500,3500,3500,3500,3500,3500,3500,3500,3500,3500,3500,3500,
3500,3500,3500,3500,3500,3500,3500,3500,3500,3500,3500,3500,3500,3500,3500,3500,3500,
3500,3500,3500,3500,3500,3500,3500,3500,3500,3500,3500,3500,3500,3500,3500,3500,3500,
3500,3500,3500,3500,3500,3500,3500,3500,3500,3500,3500,3500,3500,3500,3500,3500,3500,
3500,3500,3500,3500,3500,3500,3500,3500,3500,3500,3500,3500,3500,3500,3500,3500,3500,
3500,3500,3500,3500,3500,3500,3500,3500,3500,3500,3500,3500,3500,3500,3500,3500,3500,
3500,3500,3500,3500,3500,3500,3500,3500,3500,3500,3500,3500,3500,3500,3500,3500,3500,
3500,3500,3500,3500,3500,3500,3500,3500,3500,3500,3500,3500,3500,3500,3500,3500,3500,
3500,3500,3500,3500,3500,3500,3500,3500,3500,3500,3500,3500,3500,3500,3500,3500,3500,
3500,3500,3500,3500,3500,3500,3500,3500,3500,3500,3500,3500,3500,3500,3500,3500,3500,
3500,3500,3500,3500,3500,3500,3500,3500,3500,3500,3500,3500,3500,3500,3500,3500,3500,
3500,3500,3500,3500,3500,3500,3500,3500,3500,3500,3500,3500,3500,3500,3500,3500,3500,
3500,3500,3500,3500,3500,3500,3500,3500,3500,3500,3500,3500,3500,3500,3500,3500,3500,
3500,3500,3500,3500,3500,3500,3500,3500,3500,3500,3500,3500,3500,3500,3500,3500,3500,
3500,3500,3500,3500,3500,3500,3500,3500,3500,3500,3500,3500,3500,3500,3500,3500,3500,
3500,3500,3500,3500,3500,3500,3500,3500,3500,3500,3500,3500,3500,3500,3500,3500,3500,
3500,3500,3500,3500,3500,3500,3500,3500,3500,3500,3500,3500,3500,3500,3500,3500,3500,
3500,3500,3500,3500,3500,3500,3500,3500,3500,3500,3500,3500,3500,3500,3500,3500,3500,
3500,3500,3500,3500,3500,3500,3500,3500,3500,3500,3500,3500,3500,3500,3500,3500,3500,
3500,3500,3500,3500,3500,3500,3500,3500,3500,3500,3500,3500,3500,3500,3500,3500,3500,
3500,3500,3500,3500,3500,3500,3500,3500,3500,3500,3500,3500,3500,3500,3500,3500,3500,
3500,3500,3500,3500,3500,3500,3500,3500,3500,3500,3500,3500,3500,3500,3500,3500,3500,
3500,3500,3500,3500,3500,3500,3500,3500,3500,3500,3500,3500,3500,3500,3500,3500,3500,
3500,3500,3500,3500,3500,3500,3500,3500,3500,3500,3500,3500,3500,3500,3500,3500,3500,
3500,3500,3500,3500,3500,3500,3500,3500,3500,3500,3500,3500,3500,3500,3500,3500,3500,
3500,3500,3500,3500,3500,3500,3500,3500,3500,3500,3500,3500,3500,3500,3500,3500,3500,
3500,3500,3500,3500,3500,3500,3500,3500,3500,3500,3500,3500,3500,3500,3500,3500,3500,
3500,3500,3500,3500,3500,3500,3500,3500,3500,3500,3500,3500,3500,3500,3500,3500,3500,
3500,3500,3500,3500,3500,3500,3500,3500,3500,3500,3500,3500,3500,3500,3500,3500,3500,
3500,3500,3500,3500,3500,3500,3500,3500,3500,3500,3500,3500,3500,3500,3500,3500,3500,
3500,3500,3500,3500,3500,3500,3500,3500,3500,3500,3500,3500,3500,3500,3500,3500,3500,
3500,3500,3500,3500,3500,3500,3500,3500,3500,3500,3500,3500,3500,3500,3500,3500,3500,
3500,3500,3500,3500,3500,3500,3500,3500,3500,3500,3500,3500,3500,3500,3500,3500,3500,
3500,3500,3500,3500,3500,3500,3500,3500,3500,3500,3500,3500,3500,3500,3500,3500,3500,
3500,3500,3500,3500,3500,3500,3500,3500,3500,3500,3500,3500,3500,3500,3500,3500,3500,
PS_Config_Lmt_Short_TXRX_N:,
1900,1900,1900,1900,1900,1900,1900,1900,1900,1900,1900,1900,1900,1900,1900,1900,1900,
1900,1900,1900,1900,1900,1900,1900,1900,1900,1900,1900,1900,1900,1900,1900,1900,1900,
1900,1900,1900,1900,1900,1900,1900,1900,1900,1900,1900,1900,1900,1900,1900,1900,1900,
1900,1900,1900,1900,1900,1900,1900,1900,1900,1900,1900,1900,1900,1900,1900,1900,1900,
1900,1900,1900,1900,1900,1900,1900,1900,1900,1900,1900,1900,1900,1900,1900,1900,1900,
1900,1900,1900,1900,1900,1900,1900,1900,1900,1900,1900,1900,1900,1900,1900,1900,1900,
1900,1900,1900,1900,1900,1900,1900,1900,1900,1900,1900,1900,1900,1900,1900,1900,1900,
1900,1900,1900,1900,1900,1900,1900,1900,1900,1900,1900,1900,1900,1900,1900,1900,1900,
1900,1900,1900,1900,1900,1900,1900,1900,1900,1900,1900,1900,1900,1900,1900,1900,1900,
1900,1900,1900,1900,1900,1900,1900,1900,1900,1900,1900,1900,1900,1900,1900,1900,1900,
1900,1900,1900,1900,1900,1900,1900,1900,1900,1900,1900,1900,1900,1900,1900,1900,1900,
1900,1900,1900,1900,1900,1900,1900,1900,1900,1900,1900,1900,1900,1900,1900,1900,1900,
1900,1900,1900,1900,1900,1900,1900,1900,1900,1900,1900,1900,1900,1900,1900,1900,1900,
1900,1900,1900,1900,1900,1900,1900,1900,1900,1900,1900,1900,1900,1900,1900,1900,1900,
1900,1900,1900,1900,1900,1900,1900,1900,1900,1900,1900,1900,1900,1900,1900,1900,1900,
1900,1900,1900,1900,1900,1900,1900,1900,1900,1900,1900,1900,1900,1900,1900,1900,1900,
1900,1900,1900,1900,1900,1900,1900,1900,1900,1900,1900,1900,1900,1900,1900,1900,1900,
1900,1900,1900,1900,1900,1900,1900,1900,1900,1900,1900,1900,1900,1900,1900,1900,1900,
1900,1900,1900,1900,1900,1900,1900,1900,1900,1900,1900,1900,1900,1900,1900,1900,1900,
1900,1900,1900,1900,1900,1900,1900,1900,1900,1900,1900,1900,1900,1900,1900,1900,1900,
1900,1900,1900,1900,1900,1900,1900,1900,1900,1900,1900,1900,1900,1900,1900,1900,1900,
1900,1900,1900,1900,1900,1900,1900,1900,1900,1900,1900,1900,1900,1900,1900,1900,1900,
1900,1900,1900,1900,1900,1900,1900,1900,1900,1900,1900,1900,1900,1900,1900,1900,1900,
1900,1900,1900,1900,1900,1900,1900,1900,1900,1900,1900,1900,1900,1900,1900,1900,1900,
1900,1900,1900,1900,1900,1900,1900,1900,1900,1900,1900,1900,1900,1900,1900,1900,1900,
1900,1900,1900,1900,1900,1900,1900,1900,1900,1900,1900,1900,1900,1900,1900,1900,1900,
1900,1900,1900,1900,1900,1900,1900,1900,1900,1900,1900,1900,1900,1900,1900,1900,1900,
1900,1900,1900,1900,1900,1900,1900,1900,1900,1900,1900,1900,1900,1900,1900,1900,1900,
1900,1900,1900,1900,1900,1900,1900,1900,1900,1900,1900,1900,1900,1900,1900,1900,1900,
1900,1900,1900,1900,1900,1900,1900,1900,1900,1900,1900,1900,1900,1900,1900,1900,1900,
1900,1900,1900,1900,1900,1900,1900,1900,1900,1900,1900,1900,1900,1900,1900,1900,1900,
1900,1900,1900,1900,1900,1900,1900,1900,1900,1900,1900,1900,1900,1900,1900,1900,1900,
1900,1900,1900,1900,1900,1900,1900,1900,1900,1900,1900,1900,1900,1900,1900,1900,1900,
1900,1900,1900,1900,1900,1900,1900,1900,1900,1900,1900,1900,1900,1900,1900,1900,1900,
1900,1900,1900,1900,1900,1900,1900,1900,1900,1900,1900,1900,1900,1900,1900,1900,1900,
1900,1900,1900,1900,1900,1900,1900,1900,1900,1900,1900,1900,1900,1900,1900,1900,1900,
1900,1900,1900,1900,1900,1900,1900,1900,1900,1900,1900,1900,1900,1900,1900,1900,1900,
PS_Config_Lmt_Short_TXTX_P:,
3500,3500,3500,3500,3500,3500,3500,3500,3500,3500,3500,3500,3500,3500,3500,3500,3500,
PS_Config_Lmt_Short_TXTX_N:,
1900,1900,1900,1900,1900,1900,1900,1900,1900,1900,1900,1900,1900,1900,1900,1900,1900,
PS_Config_Lmt_Short_RXRX_P:,
3500,
3500,
3500,
3500,
3500,
3500,
3500,
3500,
3500,
3500,
3500,
3500,
3500,
3500,
3500,
3500,
3500,
3500,
3500,
3500,
3500,
3500,
3500,
3500,
3500,
3500,
3500,
3500,
3500,
3500,
3500,
3500,
3500,
3500,
3500,
3500,
3500,
PS_Config_Lmt_Short_RXRX_N:,
1900,
1900,
1900,
1900,
1900,
1900,
1900,
1900,
1900,
1900,
1900,
1900,
1900,
1900,
1900,
1900,
1900,
1900,
1900,
1900,
1900,
1900,
1900,
1900,
1900,
1900,
1900,
1900,
1900,
1900,
1900,
1900,
1900,
1900,
1900,
1900,
1900,
PS_Config_Lmt_Open_Mutual_P:,
65535,5000,5000,5000,5000,5000,5000,5000,5000,5000,5000,5000,5000,5000,5000,5000,65535,
5000,5000,5000,5000,5000,5000,5000,5000,5000,5000,5000,5000,5000,5000,5000,5000,5000,
5000,5000,5000,5000,5000,5000,5000,5000,5000,5000,5000,5000,5000,5000,5000,5000,5000,
5000,5000,5000,5000,5000,5000,5000,5000,5000,5000,5000,5000,5000,5000,5000,5000,5000,
5000,5000,5000,5000,5000,5000,5000,5000,5000,5000,5000,5000,5000,5000,5000,5000,5000,
5000,5000,5000,5000,5000,5000,5000,5000,5000,5000,5000,5000,5000,5000,5000,5000,5000,
5000,5000,5000,5000,5000,5000,5000,5000,5000,5000,5000,5000,5000,5000,5000,5000,5000,
5000,5000,5000,5000,5000,5000,5000,5000,5000,5000,5000,5000,5000,5000,5000,5000,5000,
5000,5000,5000,5000,5000,5000,5000,5000,5000,5000,5000,5000,5000,5000,5000,5000,5000,
5000,5000,5000,5000,5000,5000,5000,5000,5000,5000,5000,5000,5000,5000,5000,5000,5000,
5000,5000,5000,5000,5000,5000,5000,5000,5000,5000,5000,5000,5000,5000,5000,5000,5000,
5000,5000,5000,5000,5000,5000,5000,5000,5000,5000,5000,5000,5000,5000,5000,5000,5000,
5000,5000,5000,5000,5000,5000,5000,5000,5000,5000,5000,5000,5000,5000,5000,5000,5000,
5000,5000,5000,5000,5000,5000,5000,5000,5000,5000,5000,5000,5000,5000,5000,5000,5000,
5000,5000,5000,5000,5000,5000,5000,5000,5000,5000,5000,5000,5000,5000,5000,5000,5000,
5000,5000,5000,5000,5000,5000,5000,5000,5000,5000,5000,5000,5000,5000,5000,5000,5000,
5000,5000,5000,5000,5000,5000,5000,5000,5000,5000,5000,5000,5000,5000,5000,5000,5000,
5000,5000,5000,5000,5000,5000,5000,5000,5000,5000,5000,5000,5000,5000,5000,5000,5000,
5000,5000,5000,5000,5000,5000,5000,5000,5000,5000,5000,5000,5000,5000,5000,5000,5000,
5000,5000,5000,5000,5000,5000,5000,5000,5000,5000,5000,5000,5000,5000,5000,5000,5000,
5000,5000,5000,5000,5000,5000,5000,5000,5000,5000,5000,5000,5000,5000,5000,5000,5000,
5000,5000,5000,5000,5000,5000,5000,5000,5000,5000,5000,5000,5000,5000,5000,5000,5000,
5000,5000,5000,5000,5000,5000,5000,5000,5000,5000,5000,5000,5000,5000,5000,5000,5000,
5000,5000,5000,5000,5000,5000,5000,5000,5000,5000,5000,5000,5000,5000,5000,5000,5000,
5000,5000,5000,5000,5000,5000,5000,5000,5000,5000,5000,5000,5000,5000,5000,5000,5000,
5000,5000,5000,5000,5000,5000,5000,5000,5000,5000,5000,5000,5000,5000,5000,5000,5000,
5000,5000,5000,5000,5000,5000,5000,5000,5000,5000,5000,5000,5000,5000,5000,5000,5000,
5000,5000,5000,5000,5000,5000,5000,5000,5000,5000,5000,5000,5000,5000,5000,5000,5000,
5000,5000,5000,5000,5000,5000,5000,5000,5000,5000,5000,5000,5000,5000,5000,5000,5000,
5000,5000,5000,5000,5000,5000,5000,5000,5000,5000,5000,5000,5000,5000,5000,5000,5000,
5000,5000,5000,5000,5000,5000,5000,5000,5000,5000,5000,5000,5000,5000,5000,5000,5000,
5000,5000,5000,5000,5000,5000,5000,5000,5000,5000,5000,5000,5000,5000,5000,5000,5000,
5000,5000,5000,5000,5000,5000,5000,5000,5000,5000,5000,5000,5000,5000,5000,5000,5000,
5000,5000,5000,5000,5000,5000,5000,5000,5000,5000,5000,5000,5000,5000,5000,5000,5000,
5000,5000,5000,5000,5000,5000,5000,5000,5000,5000,5000,5000,5000,5000,5000,5000,5000,
5000,5000,5000,5000,5000,5000,5000,5000,5000,5000,5000,5000,5000,5000,5000,5000,5000,
65535,5000,5000,5000,5000,5000,5000,5000,5000,5000,5000,5000,5000,5000,5000,5000,65535,
PS_Config_Lmt_Open_Mutual_N:,
-65535,100,100,100,100,100,100,100,100,100,100,100,100,100,100,100,-65535,
100,100,100,100,100,100,100,100,100,100,100,100,100,100,100,100,100,
100,100,100,100,100,100,100,100,100,100,100,100,100,100,100,100,100,
100,100,100,100,100,100,100,100,100,100,100,100,100,100,100,100,100,
100,100,100,100,100,100,100,100,100,100,100,100,100,100,100,100,100,
100,100,100,100,100,100,100,100,100,100,100,100,100,100,100,100,100,
100,100,100,100,100,100,100,100,100,100,100,100,100,100,100,100,100,
100,100,100,100,100,100,100,100,100,100,100,100,100,100,100,100,100,
100,100,100,100,100,100,100,100,100,100,100,100,100,100,100,100,100,
100,100,100,100,100,100,100,100,100,100,100,100,100,100,100,100,100,
100,100,100,100,100,100,100,100,100,100,100,100,100,100,100,100,100,
100,100,100,100,100,100,100,100,100,100,100,100,100,100,100,100,100,
100,100,100,100,100,100,100,100,100,100,100,100,100,100,100,100,100,
100,100,100,100,100,100,100,100,100,100,100,100,100,100,100,100,100,
100,100,100,100,100,100,100,100,100,100,100,100,100,100,100,100,100,
100,100,100,100,100,100,100,100,100,100,100,100,100,100,100,100,100,
100,100,100,100,100,100,100,100,100,100,100,100,100,100,100,100,100,
100,100,100,100,100,100,100,100,100,100,100,100,100,100,100,100,100,
100,100,100,100,100,100,100,100,100,100,100,100,100,100,100,100,100,
100,100,100,100,100,100,100,100,100,100,100,100,100,100,100,100,100,
100,100,100,100,100,100,100,100,100,100,100,100,100,100,100,100,100,
100,100,100,100,100,100,100,100,100,100,100,100,100,100,100,100,100,
100,100,100,100,100,100,100,100,100,100,100,100,100,100,100,100,100,
100,100,100,100,100,100,100,100,100,100,100,100,100,100,100,100,100,
100,100,100,100,100,100,100,100,100,100,100,100,100,100,100,100,100,
100,100,100,100,100,100,100,100,100,100,100,100,100,100,100,100,100,
100,100,100,100,100,100,100,100,100,100,100,100,100,100,100,100,100,
100,100,100,100,100,100,100,100,100,100,100,100,100,100,100,100,100,
100,100,100,100,100,100,100,100,100,100,100,100,100,100,100,100,100,
100,100,100,100,100,100,100,100,100,100,100,100,100,100,100,100,100,
100,100,100,100,100,100,100,100,100,100,100,100,100,100,100,100,100,
100,100,100,100,100,100,100,100,100,100,100,100,100,100,100,100,100,
100,100,100,100,100,100,100,100,100,100,100,100,100,100,100,100,100,
100,100,100,100,100,100,100,100,100,100,100,100,100,100,100,100,100,
100,100,100,100,100,100,100,100,100,100,100,100,100,100,100,100,100,
100,100,100,100,100,100,100,100,100,100,100,100,100,100,100,100,100,
-65535,100,100,100,100,100,100,100,100,100,100,100,100,100,100,100,-65535,
PS_Config_Lmt_Open_SelfTX_P:,
5000,5000,5000,5000,5000,5000,5000,5000,5000,5000,5000,5000,5000,5000,5000,5000,5000,
PS_Config_Lmt_Open_SelfTX_N:,
100,100,100,100,100,100,100,100,100,100,100,100,100,100,100,100,100,
PS_Config_Lmt_Open_SelfRX_P:,
5000,
5000,
5000,
5000,
5000,
5000,
5000,
5000,
5000,
5000,
5000,
5000,
5000,
5000,
5000,
5000,
5000,
5000,
5000,
5000,
5000,
5000,
5000,
5000,
5000,
5000,
5000,
5000,
5000,
5000,
5000,
5000,
5000,
5000,
5000,
5000,
5000,
PS_Config_Lmt_Open_SelfRX_N:,
100,
100,
100,
100,
100,
100,
100,
100,
100,
100,
100,
100,
100,
100,
100,
100,
100,
100,
100,
100,
100,
100,
100,
100,
100,
100,
100,
100,
100,
100,
100,
100,
100,
100,
100,
100,
100,
PS_Config_Lmt_FW_Rawdata_P:,
10000,10000,10000,10000,10000,10000,10000,10000,10000,10000,10000,10000,10000,10000,10000,10000,10000,
10000,10000,10000,10000,10000,10000,10000,10000,10000,10000,10000,10000,10000,10000,10000,10000,10000,
10000,10000,10000,10000,10000,10000,10000,10000,10000,10000,10000,10000,10000,10000,10000,10000,10000,
10000,10000,10000,10000,10000,10000,10000,10000,10000,10000,10000,10000,10000,10000,10000,10000,10000,
10000,10000,10000,10000,10000,10000,10000,10000,10000,10000,10000,10000,10000,10000,10000,10000,10000,
10000,10000,10000,10000,10000,10000,10000,10000,10000,10000,10000,10000,10000,10000,10000,10000,10000,
10000,10000,10000,10000,10000,10000,10000,10000,10000,10000,10000,10000,10000,10000,10000,10000,10000,
10000,10000,10000,10000,10000,10000,10000,10000,10000,10000,10000,10000,10000,10000,10000,10000,10000,
10000,10000,10000,10000,10000,10000,10000,10000,10000,10000,10000,10000,10000,10000,10000,10000,10000,
10000,10000,10000,10000,10000,10000,10000,10000,10000,10000,10000,10000,10000,10000,10000,10000,10000,
10000,10000,10000,10000,10000,10000,10000,10000,10000,10000,10000,10000,10000,10000,10000,10000,10000,
10000,10000,10000,10000,10000,10000,10000,10000,10000,10000,10000,10000,10000,10000,10000,10000,10000,
10000,10000,10000,10000,10000,10000,10000,10000,10000,10000,10000,10000,10000,10000,10000,10000,10000,
10000,10000,10000,10000,10000,10000,10000,10000,10000,10000,10000,10000,10000,10000,10000,10000,10000,
10000,10000,10000,10000,10000,10000,10000,10000,10000,10000,10000,10000,10000,10000,10000,10000,10000,
10000,10000,10000,10000,10000,10000,10000,10000,10000,10000,10000,10000,10000,10000,10000,10000,10000,
10000,10000,10000,10000,10000,10000,10000,10000,10000,10000,10000,10000,10000,10000,10000,10000,10000,
10000,10000,10000,10000,10000,10000,10000,10000,10000,10000,10000,10000,10000,10000,10000,10000,10000,
10000,10000,10000,10000,10000,10000,10000,10000,10000,10000,10000,10000,10000,10000,10000,10000,10000,
10000,10000,10000,10000,10000,10000,10000,10000,10000,10000,10000,10000,10000,10000,10000,10000,10000,
10000,10000,10000,10000,10000,10000,10000,10000,10000,10000,10000,10000,10000,10000,10000,10000,10000,
10000,10000,10000,10000,10000,10000,10000,10000,10000,10000,10000,10000,10000,10000,10000,10000,10000,
10000,10000,10000,10000,10000,10000,10000,10000,10000,10000,10000,10000,10000,10000,10000,10000,10000,
10000,10000,10000,10000,10000,10000,10000,10000,10000,10000,10000,10000,10000,10000,10000,10000,10000,
10000,10000,10000,10000,10000,10000,10000,10000,10000,10000,10000,10000,10000,10000,10000,10000,10000,
10000,10000,10000,10000,10000,10000,10000,10000,10000,10000,10000,10000,10000,10000,10000,10000,10000,
10000,10000,10000,10000,10000,10000,10000,10000,10000,10000,10000,10000,10000,10000,10000,10000,10000,
10000,10000,10000,10000,10000,10000,10000,10000,10000,10000,10000,10000,10000,10000,10000,10000,10000,
10000,10000,10000,10000,10000,10000,10000,10000,10000,10000,10000,10000,10000,10000,10000,10000,10000,
10000,10000,10000,10000,10000,10000,10000,10000,10000,10000,10000,10000,10000,10000,10000,10000,10000,
10000,10000,10000,10000,10000,10000,10000,10000,10000,10000,10000,10000,10000,10000,10000,10000,10000,
10000,10000,10000,10000,10000,10000,10000,10000,10000,10000,10000,10000,10000,10000,10000,10000,10000,
10000,10000,10000,10000,10000,10000,10000,10000,10000,10000,10000,10000,10000,10000,10000,10000,10000,
10000,10000,10000,10000,10000,10000,10000,10000,10000,10000,10000,10000,10000,10000,10000,10000,10000,
10000,10000,10000,10000,10000,10000,10000,10000,10000,10000,10000,10000,10000,10000,10000,10000,10000,
10000,10000,10000,10000,10000,10000,10000,10000,10000,10000,10000,10000,10000,10000,10000,10000,10000,
10000,10000,10000,10000,10000,10000,10000,10000,10000,10000,10000,10000,10000,10000,10000,10000,10000,
PS_Config_Lmt_FW_Rawdata_N:,
0,0,0,0,0,0,0,0,0,0,0,0,0,0,0,0,0,
0,0,0,0,0,0,0,0,0,0,0,0,0,0,0,0,0,
0,0,0,0,0,0,0,0,0,0,0,0,0,0,0,0,0,
0,0,0,0,0,0,0,0,0,0,0,0,0,0,0,0,0,
0,0,0,0,0,0,0,0,0,0,0,0,0,0,0,0,0,
0,0,0,0,0,0,0,0,0,0,0,0,0,0,0,0,0,
0,0,0,0,0,0,0,0,0,0,0,0,0,0,0,0,0,
0,0,0,0,0,0,0,0,0,0,0,0,0,0,0,0,0,
0,0,0,0,0,0,0,0,0,0,0,0,0,0,0,0,0,
0,0,0,0,0,0,0,0,0,0,0,0,0,0,0,0,0,
0,0,0,0,0,0,0,0,0,0,0,0,0,0,0,0,0,
0,0,0,0,0,0,0,0,0,0,0,0,0,0,0,0,0,
0,0,0,0,0,0,0,0,0,0,0,0,0,0,0,0,0,
0,0,0,0,0,0,0,0,0,0,0,0,0,0,0,0,0,
0,0,0,0,0,0,0,0,0,0,0,0,0,0,0,0,0,
0,0,0,0,0,0,0,0,0,0,0,0,0,0,0,0,0,
0,0,0,0,0,0,0,0,0,0,0,0,0,0,0,0,0,
0,0,0,0,0,0,0,0,0,0,0,0,0,0,0,0,0,
0,0,0,0,0,0,0,0,0,0,0,0,0,0,0,0,0,
0,0,0,0,0,0,0,0,0,0,0,0,0,0,0,0,0,
0,0,0,0,0,0,0,0,0,0,0,0,0,0,0,0,0,
0,0,0,0,0,0,0,0,0,0,0,0,0,0,0,0,0,
0,0,0,0,0,0,0,0,0,0,0,0,0,0,0,0,0,
0,0,0,0,0,0,0,0,0,0,0,0,0,0,0,0,0,
0,0,0,0,0,0,0,0,0,0,0,0,0,0,0,0,0,
0,0,0,0,0,0,0,0,0,0,0,0,0,0,0,0,0,
0,0,0,0,0,0,0,0,0,0,0,0,0,0,0,0,0,
0,0,0,0,0,0,0,0,0,0,0,0,0,0,0,0,0,
0,0,0,0,0,0,0,0,0,0,0,0,0,0,0,0,0,
0,0,0,0,0,0,0,0,0,0,0,0,0,0,0,0,0,
0,0,0,0,0,0,0,0,0,0,0,0,0,0,0,0,0,
0,0,0,0,0,0,0,0,0,0,0,0,0,0,0,0,0,
0,0,0,0,0,0,0,0,0,0,0,0,0,0,0,0,0,
0,0,0,0,0,0,0,0,0,0,0,0,0,0,0,0,0,
0,0,0,0,0,0,0,0,0,0,0,0,0,0,0,0,0,
0,0,0,0,0,0,0,0,0,0,0,0,0,0,0,0,0,
0,0,0,0,0,0,0,0,0,0,0,0,0,0,0,0,0,
PS_Config_Lmt_FW_CC_P:,
255,255,255,255,255,255,255,255,255,255,255,255,255,255,255,255,255,
255,255,255,255,255,255,255,255,255,255,255,255,255,255,255,255,255,
255,255,255,255,255,255,255,255,255,255,255,255,255,255,255,255,255,
255,255,255,255,255,255,255,255,255,255,255,255,255,255,255,255,255,
255,255,255,255,255,255,255,255,255,255,255,255,255,255,255,255,255,
255,255,255,255,255,255,255,255,255,255,255,255,255,255,255,255,255,
255,255,255,255,255,255,255,255,255,255,255,255,255,255,255,255,255,
255,255,255,255,255,255,255,255,255,255,255,255,255,255,255,255,255,
255,255,255,255,255,255,255,255,255,255,255,255,255,255,255,255,255,
255,255,255,255,255,255,255,255,255,255,255,255,255,255,255,255,255,
255,255,255,255,255,255,255,255,255,255,255,255,255,255,255,255,255,
255,255,255,255,255,255,255,255,255,255,255,255,255,255,255,255,255,
255,255,255,255,255,255,255,255,255,255,255,255,255,255,255,255,255,
255,255,255,255,255,255,255,255,255,255,255,255,255,255,255,255,255,
255,255,255,255,255,255,255,255,255,255,255,255,255,255,255,255,255,
255,255,255,255,255,255,255,255,255,255,255,255,255,255,255,255,255,
255,255,255,255,255,255,255,255,255,255,255,255,255,255,255,255,255,
255,255,255,255,255,255,255,255,255,255,255,255,255,255,255,255,255,
255,255,255,255,255,255,255,255,255,255,255,255,255,255,255,255,255,
255,255,255,255,255,255,255,255,255,255,255,255,255,255,255,255,255,
255,255,255,255,255,255,255,255,255,255,255,255,255,255,255,255,255,
255,255,255,255,255,255,255,255,255,255,255,255,255,255,255,255,255,
255,255,255,255,255,255,255,255,255,255,255,255,255,255,255,255,255,
255,255,255,255,255,255,255,255,255,255,255,255,255,255,255,255,255,
255,255,255,255,255,255,255,255,255,255,255,255,255,255,255,255,255,
255,255,255,255,255,255,255,255,255,255,255,255,255,255,255,255,255,
255,255,255,255,255,255,255,255,255,255,255,255,255,255,255,255,255,
255,255,255,255,255,255,255,255,255,255,255,255,255,255,255,255,255,
255,255,255,255,255,255,255,255,255,255,255,255,255,255,255,255,255,
255,255,255,255,255,255,255,255,255,255,255,255,255,255,255,255,255,
255,255,255,255,255,255,255,255,255,255,255,255,255,255,255,255,255,
255,255,255,255,255,255,255,255,255,255,255,255,255,255,255,255,255,
255,255,255,255,255,255,255,255,255,255,255,255,255,255,255,255,255,
255,255,255,255,255,255,255,255,255,255,255,255,255,255,255,255,255,
255,255,255,255,255,255,255,255,255,255,255,255,255,255,255,255,255,
255,255,255,255,255,255,255,255,255,255,255,255,255,255,255,255,255,
255,255,255,255,255,255,255,255,255,255,255,255,255,255,255,255,255,
PS_Config_Lmt_FW_CC_N:,
-255,-255,-255,-255,-255,-255,-255,-255,-255,-255,-255,-255,-255,-255,-255,-255,-255,
-255,-255,-255,-255,-255,-255,-255,-255,-255,-255,-255,-255,-255,-255,-255,-255,-255,
-255,-255,-255,-255,-255,-255,-255,-255,-255,-255,-255,-255,-255,-255,-255,-255,-255,
-255,-255,-255,-255,-255,-255,-255,-255,-255,-255,-255,-255,-255,-255,-255,-255,-255,
-255,-255,-255,-255,-255,-255,-255,-255,-255,-255,-255,-255,-255,-255,-255,-255,-255,
-255,-255,-255,-255,-255,-255,-255,-255,-255,-255,-255,-255,-255,-255,-255,-255,-255,
-255,-255,-255,-255,-255,-255,-255,-255,-255,-255,-255,-255,-255,-255,-255,-255,-255,
-255,-255,-255,-255,-255,-255,-255,-255,-255,-255,-255,-255,-255,-255,-255,-255,-255,
-255,-255,-255,-255,-255,-255,-255,-255,-255,-255,-255,-255,-255,-255,-255,-255,-255,
-255,-255,-255,-255,-255,-255,-255,-255,-255,-255,-255,-255,-255,-255,-255,-255,-255,
-255,-255,-255,-255,-255,-255,-255,-255,-255,-255,-255,-255,-255,-255,-255,-255,-255,
-255,-255,-255,-255,-255,-255,-255,-255,-255,-255,-255,-255,-255,-255,-255,-255,-255,
-255,-255,-255,-255,-255,-255,-255,-255,-255,-255,-255,-255,-255,-255,-255,-255,-255,
-255,-255,-255,-255,-255,-255,-255,-255,-255,-255,-255,-255,-255,-255,-255,-255,-255,
-255,-255,-255,-255,-255,-255,-255,-255,-255,-255,-255,-255,-255,-255,-255,-255,-255,
-255,-255,-255,-255,-255,-255,-255,-255,-255,-255,-255,-255,-255,-255,-255,-255,-255,
-255,-255,-255,-255,-255,-255,-255,-255,-255,-255,-255,-255,-255,-255,-255,-255,-255,
-255,-255,-255,-255,-255,-255,-255,-255,-255,-255,-255,-255,-255,-255,-255,-255,-255,
-255,-255,-255,-255,-255,-255,-255,-255,-255,-255,-255,-255,-255,-255,-255,-255,-255,
-255,-255,-255,-255,-255,-255,-255,-255,-255,-255,-255,-255,-255,-255,-255,-255,-255,
-255,-255,-255,-255,-255,-255,-255,-255,-255,-255,-255,-255,-255,-255,-255,-255,-255,
-255,-255,-255,-255,-255,-255,-255,-255,-255,-255,-255,-255,-255,-255,-255,-255,-255,
-255,-255,-255,-255,-255,-255,-255,-255,-255,-255,-255,-255,-255,-255,-255,-255,-255,
-255,-255,-255,-255,-255,-255,-255,-255,-255,-255,-255,-255,-255,-255,-255,-255,-255,
-255,-255,-255,-255,-255,-255,-255,-255,-255,-255,-255,-255,-255,-255,-255,-255,-255,
-255,-255,-255,-255,-255,-255,-255,-255,-255,-255,-255,-255,-255,-255,-255,-255,-255,
-255,-255,-255,-255,-255,-255,-255,-255,-255,-255,-255,-255,-255,-255,-255,-255,-255,
-255,-255,-255,-255,-255,-255,-255,-255,-255,-255,-255,-255,-255,-255,-255,-255,-255,
-255,-255,-255,-255,-255,-255,-255,-255,-255,-255,-255,-255,-255,-255,-255,-255,-255,
-255,-255,-255,-255,-255,-255,-255,-255,-255,-255,-255,-255,-255,-255,-255,-255,-255,
-255,-255,-255,-255,-255,-255,-255,-255,-255,-255,-255,-255,-255,-255,-255,-255,-255,
-255,-255,-255,-255,-255,-255,-255,-255,-255,-255,-255,-255,-255,-255,-255,-255,-255,
-255,-255,-255,-255,-255,-255,-255,-255,-255,-255,-255,-255,-255,-255,-255,-255,-255,
-255,-255,-255,-255,-255,-255,-255,-255,-255,-255,-255,-255,-255,-255,-255,-255,-255,
-255,-255,-255,-255,-255,-255,-255,-255,-255,-255,-255,-255,-255,-255,-255,-255,-255,
-255,-255,-255,-255,-255,-255,-255,-255,-255,-255,-255,-255,-255,-255,-255,-255,-255,
-255,-255,-255,-255,-255,-255,-255,-255,-255,-255,-255,-255,-255,-255,-255,-255,-255,
PS_Config_Lmt_FW_Diff_P:,
100,100,100,100,100,100,100,100,100,100,100,100,100,100,100,100,100,
100,100,100,100,100,100,100,100,100,100,100,100,100,100,100,100,100,
100,100,100,100,100,100,100,100,100,100,100,100,100,100,100,100,100,
100,100,100,100,100,100,100,100,100,100,100,100,100,100,100,100,100,
100,100,100,100,100,100,100,100,100,100,100,100,100,100,100,100,100,
100,100,100,100,100,100,100,100,100,100,100,100,100,100,100,100,100,
100,100,100,100,100,100,100,100,100,100,100,100,100,100,100,100,100,
100,100,100,100,100,100,100,100,100,100,100,100,100,100,100,100,100,
100,100,100,100,100,100,100,100,100,100,100,100,100,100,100,100,100,
100,100,100,100,100,100,100,100,100,100,100,100,100,100,100,100,100,
100,100,100,100,100,100,100,100,100,100,100,100,100,100,100,100,100,
100,100,100,100,100,100,100,100,100,100,100,100,100,100,100,100,100,
100,100,100,100,100,100,100,100,100,100,100,100,100,100,100,100,100,
100,100,100,100,100,100,100,100,100,100,100,100,100,100,100,100,100,
100,100,100,100,100,100,100,100,100,100,100,100,100,100,100,100,100,
100,100,100,100,100,100,100,100,100,100,100,100,100,100,100,100,100,
100,100,100,100,100,100,100,100,100,100,100,100,100,100,100,100,100,
100,100,100,100,100,100,100,100,100,100,100,100,100,100,100,100,100,
100,100,100,100,100,100,100,100,100,100,100,100,100,100,100,100,100,
100,100,100,100,100,100,100,100,100,100,100,100,100,100,100,100,100,
100,100,100,100,100,100,100,100,100,100,100,100,100,100,100,100,100,
100,100,100,100,100,100,100,100,100,100,100,100,100,100,100,100,100,
100,100,100,100,100,100,100,100,100,100,100,100,100,100,100,100,100,
100,100,100,100,100,100,100,100,100,100,100,100,100,100,100,100,100,
100,100,100,100,100,100,100,100,100,100,100,100,100,100,100,100,100,
100,100,100,100,100,100,100,100,100,100,100,100,100,100,100,100,100,
100,100,100,100,100,100,100,100,100,100,100,100,100,100,100,100,100,
100,100,100,100,100,100,100,100,100,100,100,100,100,100,100,100,100,
100,100,100,100,100,100,100,100,100,100,100,100,100,100,100,100,100,
100,100,100,100,100,100,100,100,100,100,100,100,100,100,100,100,100,
100,100,100,100,100,100,100,100,100,100,100,100,100,100,100,100,100,
100,100,100,100,100,100,100,100,100,100,100,100,100,100,100,100,100,
100,100,100,100,100,100,100,100,100,100,100,100,100,100,100,100,100,
100,100,100,100,100,100,100,100,100,100,100,100,100,100,100,100,100,
100,100,100,100,100,100,100,100,100,100,100,100,100,100,100,100,100,
100,100,100,100,100,100,100,100,100,100,100,100,100,100,100,100,100,
100,100,100,100,100,100,100,100,100,100,100,100,100,100,100,100,100,
PS_Config_Lmt_FW_Diff_N:,
-100,-100,-100,-100,-100,-100,-100,-100,-100,-100,-100,-100,-100,-100,-100,-100,-100,
-100,-100,-100,-100,-100,-100,-100,-100,-100,-100,-100,-100,-100,-100,-100,-100,-100,
-100,-100,-100,-100,-100,-100,-100,-100,-100,-100,-100,-100,-100,-100,-100,-100,-100,
-100,-100,-100,-100,-100,-100,-100,-100,-100,-100,-100,-100,-100,-100,-100,-100,-100,
-100,-100,-100,-100,-100,-100,-100,-100,-100,-100,-100,-100,-100,-100,-100,-100,-100,
-100,-100,-100,-100,-100,-100,-100,-100,-100,-100,-100,-100,-100,-100,-100,-100,-100,
-100,-100,-100,-100,-100,-100,-100,-100,-100,-100,-100,-100,-100,-100,-100,-100,-100,
-100,-100,-100,-100,-100,-100,-100,-100,-100,-100,-100,-100,-100,-100,-100,-100,-100,
-100,-100,-100,-100,-100,-100,-100,-100,-100,-100,-100,-100,-100,-100,-100,-100,-100,
-100,-100,-100,-100,-100,-100,-100,-100,-100,-100,-100,-100,-100,-100,-100,-100,-100,
-100,-100,-100,-100,-100,-100,-100,-100,-100,-100,-100,-100,-100,-100,-100,-100,-100,
-100,-100,-100,-100,-100,-100,-100,-100,-100,-100,-100,-100,-100,-100,-100,-100,-100,
-100,-100,-100,-100,-100,-100,-100,-100,-100,-100,-100,-100,-100,-100,-100,-100,-100,
-100,-100,-100,-100,-100,-100,-100,-100,-100,-100,-100,-100,-100,-100,-100,-100,-100,
-100,-100,-100,-100,-100,-100,-100,-100,-100,-100,-100,-100,-100,-100,-100,-100,-100,
-100,-100,-100,-100,-100,-100,-100,-100,-100,-100,-100,-100,-100,-100,-100,-100,-100,
-100,-100,-100,-100,-100,-100,-100,-100,-100,-100,-100,-100,-100,-100,-100,-100,-100,
-100,-100,-100,-100,-100,-100,-100,-100,-100,-100,-100,-100,-100,-100,-100,-100,-100,
-100,-100,-100,-100,-100,-100,-100,-100,-100,-100,-100,-100,-100,-100,-100,-100,-100,
-100,-100,-100,-100,-100,-100,-100,-100,-100,-100,-100,-100,-100,-100,-100,-100,-100,
-100,-100,-100,-100,-100,-100,-100,-100,-100,-100,-100,-100,-100,-100,-100,-100,-100,
-100,-100,-100,-100,-100,-100,-100,-100,-100,-100,-100,-100,-100,-100,-100,-100,-100,
-100,-100,-100,-100,-100,-100,-100,-100,-100,-100,-100,-100,-100,-100,-100,-100,-100,
-100,-100,-100,-100,-100,-100,-100,-100,-100,-100,-100,-100,-100,-100,-100,-100,-100,
-100,-100,-100,-100,-100,-100,-100,-100,-100,-100,-100,-100,-100,-100,-100,-100,-100,
-100,-100,-100,-100,-100,-100,-100,-100,-100,-100,-100,-100,-100,-100,-100,-100,-100,
-100,-100,-100,-100,-100,-100,-100,-100,-100,-100,-100,-100,-100,-100,-100,-100,-100,
-100,-100,-100,-100,-100,-100,-100,-100,-100,-100,-100,-100,-100,-100,-100,-100,-100,
-100,-100,-100,-100,-100,-100,-100,-100,-100,-100,-100,-100,-100,-100,-100,-100,-100,
-100,-100,-100,-100,-100,-100,-100,-100,-100,-100,-100,-100,-100,-100,-100,-100,-100,
-100,-100,-100,-100,-100,-100,-100,-100,-100,-100,-100,-100,-100,-100,-100,-100,-100,
-100,-100,-100,-100,-100,-100,-100,-100,-100,-100,-100,-100,-100,-100,-100,-100,-100,
-100,-100,-100,-100,-100,-100,-100,-100,-100,-100,-100,-100,-100,-100,-100,-100,-100,
-100,-100,-100,-100,-100,-100,-100,-100,-100,-100,-100,-100,-100,-100,-100,-100,-100,
-100,-100,-100,-100,-100,-100,-100,-100,-100,-100,-100,-100,-100,-100,-100,-100,-100,
-100,-100,-100,-100,-100,-100,-100,-100,-100,-100,-100,-100,-100,-100,-100,-100,-100,
-100,-100,-100,-100,-100,-100,-100,-100,-100,-100,-100,-100,-100,-100,-100,-100,-100,
PS_Config_Lmt_FW_Digital_Diff_P:,
100,100,100,100,100,100,100,100,100,100,100,100,100,100,100,100,100,
100,100,100,100,100,100,100,100,100,100,100,100,100,100,100,100,100,
100,100,100,100,100,100,100,100,100,100,100,100,100,100,100,100,100,
100,100,100,100,100,100,100,100,100,100,100,100,100,100,100,100,100,
100,100,100,100,100,100,100,100,100,100,100,100,100,100,100,100,100,
100,100,100,100,100,100,100,100,100,100,100,100,100,100,100,100,100,
100,100,100,100,100,100,100,100,100,100,100,100,100,100,100,100,100,
100,100,100,100,100,100,100,100,100,100,100,100,100,100,100,100,100,
100,100,100,100,100,100,100,100,100,100,100,100,100,100,100,100,100,
100,100,100,100,100,100,100,100,100,100,100,100,100,100,100,100,100,
100,100,100,100,100,100,100,100,100,100,100,100,100,100,100,100,100,
100,100,100,100,100,100,100,100,100,100,100,100,100,100,100,100,100,
100,100,100,100,100,100,100,100,100,100,100,100,100,100,100,100,100,
100,100,100,100,100,100,100,100,100,100,100,100,100,100,100,100,100,
100,100,100,100,100,100,100,100,100,100,100,100,100,100,100,100,100,
100,100,100,100,100,100,100,100,100,100,100,100,100,100,100,100,100,
100,100,100,100,100,100,100,100,100,100,100,100,100,100,100,100,100,
100,100,100,100,100,100,100,100,100,100,100,100,100,100,100,100,100,
100,100,100,100,100,100,100,100,100,100,100,100,100,100,100,100,100,
100,100,100,100,100,100,100,100,100,100,100,100,100,100,100,100,100,
100,100,100,100,100,100,100,100,100,100,100,100,100,100,100,100,100,
100,100,100,100,100,100,100,100,100,100,100,100,100,100,100,100,100,
100,100,100,100,100,100,100,100,100,100,100,100,100,100,100,100,100,
100,100,100,100,100,100,100,100,100,100,100,100,100,100,100,100,100,
100,100,100,100,100,100,100,100,100,100,100,100,100,100,100,100,100,
100,100,100,100,100,100,100,100,100,100,100,100,100,100,100,100,100,
100,100,100,100,100,100,100,100,100,100,100,100,100,100,100,100,100,
100,100,100,100,100,100,100,100,100,100,100,100,100,100,100,100,100,
100,100,100,100,100,100,100,100,100,100,100,100,100,100,100,100,100,
100,100,100,100,100,100,100,100,100,100,100,100,100,100,100,100,100,
100,100,100,100,100,100,100,100,100,100,100,100,100,100,100,100,100,
100,100,100,100,100,100,100,100,100,100,100,100,100,100,100,100,100,
100,100,100,100,100,100,100,100,100,100,100,100,100,100,100,100,100,
100,100,100,100,100,100,100,100,100,100,100,100,100,100,100,100,100,
100,100,100,100,100,100,100,100,100,100,100,100,100,100,100,100,100,
100,100,100,100,100,100,100,100,100,100,100,100,100,100,100,100,100,
100,100,100,100,100,100,100,100,100,100,100,100,100,100,100,100,100,
PS_Config_Lmt_FW_Digital_Diff_N:,
-100,-100,-100,-100,-100,-100,-100,-100,-100,-100,-100,-100,-100,-100,-100,-100,-100,
-100,-100,-100,-100,-100,-100,-100,-100,-100,-100,-100,-100,-100,-100,-100,-100,-100,
-100,-100,-100,-100,-100,-100,-100,-100,-100,-100,-100,-100,-100,-100,-100,-100,-100,
-100,-100,-100,-100,-100,-100,-100,-100,-100,-100,-100,-100,-100,-100,-100,-100,-100,
-100,-100,-100,-100,-100,-100,-100,-100,-100,-100,-100,-100,-100,-100,-100,-100,-100,
-100,-100,-100,-100,-100,-100,-100,-100,-100,-100,-100,-100,-100,-100,-100,-100,-100,
-100,-100,-100,-100,-100,-100,-100,-100,-100,-100,-100,-100,-100,-100,-100,-100,-100,
-100,-100,-100,-100,-100,-100,-100,-100,-100,-100,-100,-100,-100,-100,-100,-100,-100,
-100,-100,-100,-100,-100,-100,-100,-100,-100,-100,-100,-100,-100,-100,-100,-100,-100,
-100,-100,-100,-100,-100,-100,-100,-100,-100,-100,-100,-100,-100,-100,-100,-100,-100,
-100,-100,-100,-100,-100,-100,-100,-100,-100,-100,-100,-100,-100,-100,-100,-100,-100,
-100,-100,-100,-100,-100,-100,-100,-100,-100,-100,-100,-100,-100,-100,-100,-100,-100,
-100,-100,-100,-100,-100,-100,-100,-100,-100,-100,-100,-100,-100,-100,-100,-100,-100,
-100,-100,-100,-100,-100,-100,-100,-100,-100,-100,-100,-100,-100,-100,-100,-100,-100,
-100,-100,-100,-100,-100,-100,-100,-100,-100,-100,-100,-100,-100,-100,-100,-100,-100,
-100,-100,-100,-100,-100,-100,-100,-100,-100,-100,-100,-100,-100,-100,-100,-100,-100,
-100,-100,-100,-100,-100,-100,-100,-100,-100,-100,-100,-100,-100,-100,-100,-100,-100,
-100,-100,-100,-100,-100,-100,-100,-100,-100,-100,-100,-100,-100,-100,-100,-100,-100,
-100,-100,-100,-100,-100,-100,-100,-100,-100,-100,-100,-100,-100,-100,-100,-100,-100,
-100,-100,-100,-100,-100,-100,-100,-100,-100,-100,-100,-100,-100,-100,-100,-100,-100,
-100,-100,-100,-100,-100,-100,-100,-100,-100,-100,-100,-100,-100,-100,-100,-100,-100,
-100,-100,-100,-100,-100,-100,-100,-100,-100,-100,-100,-100,-100,-100,-100,-100,-100,
-100,-100,-100,-100,-100,-100,-100,-100,-100,-100,-100,-100,-100,-100,-100,-100,-100,
-100,-100,-100,-100,-100,-100,-100,-100,-100,-100,-100,-100,-100,-100,-100,-100,-100,
-100,-100,-100,-100,-100,-100,-100,-100,-100,-100,-100,-100,-100,-100,-100,-100,-100,
-100,-100,-100,-100,-100,-100,-100,-100,-100,-100,-100,-100,-100,-100,-100,-100,-100,
-100,-100,-100,-100,-100,-100,-100,-100,-100,-100,-100,-100,-100,-100,-100,-100,-100,
-100,-100,-100,-100,-100,-100,-100,-100,-100,-100,-100,-100,-100,-100,-100,-100,-100,
-100,-100,-100,-100,-100,-100,-100,-100,-100,-100,-100,-100,-100,-100,-100,-100,-100,
-100,-100,-100,-100,-100,-100,-100,-100,-100,-100,-100,-100,-100,-100,-100,-100,-100,
-100,-100,-100,-100,-100,-100,-100,-100,-100,-100,-100,-100,-100,-100,-100,-100,-100,
-100,-100,-100,-100,-100,-100,-100,-100,-100,-100,-100,-100,-100,-100,-100,-100,-100,
-100,-100,-100,-100,-100,-100,-100,-100,-100,-100,-100,-100,-100,-100,-100,-100,-100,
-100,-100,-100,-100,-100,-100,-100,-100,-100,-100,-100,-100,-100,-100,-100,-100,-100,
-100,-100,-100,-100,-100,-100,-100,-100,-100,-100,-100,-100,-100,-100,-100,-100,-100,
-100,-100,-100,-100,-100,-100,-100,-100,-100,-100,-100,-100,-100,-100,-100,-100,-100,
-100,-100,-100,-100,-100,-100,-100,-100,-100,-100,-100,-100,-100,-100,-100,-100,-100,
PS_Config_Lmt_FlatnessValueOper1_P:,
1000,1000,1000,1000,
PS_Config_Lmt_FlatnessValueOper1_N:,
-65535,-65535,-65535,-65535,
PS_Config_Lmt_FW_Rawdata_Shift_P:,
500,500,500,500,500,500,500,500,500,500,500,500,500,500,500,500,500,
500,500,500,500,500,500,500,500,500,500,500,500,500,500,500,500,500,
500,500,500,500,500,500,500,500,500,500,500,500,500,500,500,500,500,
500,500,500,500,500,500,500,500,500,500,500,500,500,500,500,500,500,
500,500,500,500,500,500,500,500,500,500,500,500,500,500,500,500,500,
500,500,500,500,500,500,500,500,500,500,500,500,500,500,500,500,500,
500,500,500,500,500,500,500,500,500,500,500,500,500,500,500,500,500,
500,500,500,500,500,500,500,500,500,500,500,500,500,500,500,500,500,
500,500,500,500,500,500,500,500,500,500,500,500,500,500,500,500,500,
500,500,500,500,500,500,500,500,500,500,500,500,500,500,500,500,500,
500,500,500,500,500,500,500,500,500,500,500,500,500,500,500,500,500,
500,500,500,500,500,500,500,500,500,500,500,500,500,500,500,500,500,
500,500,500,500,500,500,500,500,500,500,500,500,500,500,500,500,500,
500,500,500,500,500,500,500,500,500,500,500,500,500,500,500,500,500,
500,500,500,500,500,500,500,500,500,500,500,500,500,500,500,500,500,
500,500,500,500,500,500,500,500,500,500,500,500,500,500,500,500,500,
500,500,500,500,500,500,500,500,500,500,500,500,500,500,500,500,500,
500,500,500,500,500,500,500,500,500,500,500,500,500,500,500,500,500,
500,500,500,500,500,500,500,500,500,500,500,500,500,500,500,500,500,
500,500,500,500,500,500,500,500,500,500,500,500,500,500,500,500,500,
500,500,500,500,500,500,500,500,500,500,500,500,500,500,500,500,500,
500,500,500,500,500,500,500,500,500,500,500,500,500,500,500,500,500,
500,500,500,500,500,500,500,500,500,500,500,500,500,500,500,500,500,
500,500,500,500,500,500,500,500,500,500,500,500,500,500,500,500,500,
500,500,500,500,500,500,500,500,500,500,500,500,500,500,500,500,500,
500,500,500,500,500,500,500,500,500,500,500,500,500,500,500,500,500,
500,500,500,500,500,500,500,500,500,500,500,500,500,500,500,500,500,
500,500,500,500,500,500,500,500,500,500,500,500,500,500,500,500,500,
500,500,500,500,500,500,500,500,500,500,500,500,500,500,500,500,500,
500,500,500,500,500,500,500,500,500,500,500,500,500,500,500,500,500,
500,500,500,500,500,500,500,500,500,500,500,500,500,500,500,500,500,
500,500,500,500,500,500,500,500,500,500,500,500,500,500,500,500,500,
500,500,500,500,500,500,500,500,500,500,500,500,500,500,500,500,500,
500,500,500,500,500,500,500,500,500,500,500,500,500,500,500,500,500,
500,500,500,500,500,500,500,500,500,500,500,500,500,500,500,500,500,
500,500,500,500,500,500,500,500,500,500,500,500,500,500,500,500,500,
500,500,500,500,500,500,500,500,500,500,500,500,500,500,500,500,500,
PS_Config_Lmt_FW_Rawdata_Shift_N:,
-500,-500,-500,-500,-500,-500,-500,-500,-500,-500,-500,-500,-500,-500,-500,-500,-500,
-500,-500,-500,-500,-500,-500,-500,-500,-500,-500,-500,-500,-500,-500,-500,-500,-500,
-500,-500,-500,-500,-500,-500,-500,-500,-500,-500,-500,-500,-500,-500,-500,-500,-500,
-500,-500,-500,-500,-500,-500,-500,-500,-500,-500,-500,-500,-500,-500,-500,-500,-500,
-500,-500,-500,-500,-500,-500,-500,-500,-500,-500,-500,-500,-500,-500,-500,-500,-500,
-500,-500,-500,-500,-500,-500,-500,-500,-500,-500,-500,-500,-500,-500,-500,-500,-500,
-500,-500,-500,-500,-500,-500,-500,-500,-500,-500,-500,-500,-500,-500,-500,-500,-500,
-500,-500,-500,-500,-500,-500,-500,-500,-500,-500,-500,-500,-500,-500,-500,-500,-500,
-500,-500,-500,-500,-500,-500,-500,-500,-500,-500,-500,-500,-500,-500,-500,-500,-500,
-500,-500,-500,-500,-500,-500,-500,-500,-500,-500,-500,-500,-500,-500,-500,-500,-500,
-500,-500,-500,-500,-500,-500,-500,-500,-500,-500,-500,-500,-500,-500,-500,-500,-500,
-500,-500,-500,-500,-500,-500,-500,-500,-500,-500,-500,-500,-500,-500,-500,-500,-500,
-500,-500,-500,-500,-500,-500,-500,-500,-500,-500,-500,-500,-500,-500,-500,-500,-500,
-500,-500,-500,-500,-500,-500,-500,-500,-500,-500,-500,-500,-500,-500,-500,-500,-500,
-500,-500,-500,-500,-500,-500,-500,-500,-500,-500,-500,-500,-500,-500,-500,-500,-500,
-500,-500,-500,-500,-500,-500,-500,-500,-500,-500,-500,-500,-500,-500,-500,-500,-500,
-500,-500,-500,-500,-500,-500,-500,-500,-500,-500,-500,-500,-500,-500,-500,-500,-500,
-500,-500,-500,-500,-500,-500,-500,-500,-500,-500,-500,-500,-500,-500,-500,-500,-500,
-500,-500,-500,-500,-500,-500,-500,-500,-500,-500,-500,-500,-500,-500,-500,-500,-500,
-500,-500,-500,-500,-500,-500,-500,-500,-500,-500,-500,-500,-500,-500,-500,-500,-500,
-500,-500,-500,-500,-500,-500,-500,-500,-500,-500,-500,-500,-500,-500,-500,-500,-500,
-500,-500,-500,-500,-500,-500,-500,-500,-500,-500,-500,-500,-500,-500,-500,-500,-500,
-500,-500,-500,-500,-500,-500,-500,-500,-500,-500,-500,-500,-500,-500,-500,-500,-500,
-500,-500,-500,-500,-500,-500,-500,-500,-500,-500,-500,-500,-500,-500,-500,-500,-500,
-500,-500,-500,-500,-500,-500,-500,-500,-500,-500,-500,-500,-500,-500,-500,-500,-500,
-500,-500,-500,-500,-500,-500,-500,-500,-500,-500,-500,-500,-500,-500,-500,-500,-500,
-500,-500,-500,-500,-500,-500,-500,-500,-500,-500,-500,-500,-500,-500,-500,-500,-500,
-500,-500,-500,-500,-500,-500,-500,-500,-500,-500,-500,-500,-500,-500,-500,-500,-500,
-500,-500,-500,-500,-500,-500,-500,-500,-500,-500,-500,-500,-500,-500,-500,-500,-500,
-500,-500,-500,-500,-500,-500,-500,-500,-500,-500,-500,-500,-500,-500,-500,-500,-500,
-500,-500,-500,-500,-500,-500,-500,-500,-500,-500,-500,-500,-500,-500,-500,-500,-500,
-500,-500,-500,-500,-500,-500,-500,-500,-500,-500,-500,-500,-500,-500,-500,-500,-500,
-500,-500,-500,-500,-500,-500,-500,-500,-500,-500,-500,-500,-500,-500,-500,-500,-500,
-500,-500,-500,-500,-500,-500,-500,-500,-500,-500,-500,-500,-500,-500,-500,-500,-500,
-500,-500,-500,-500,-500,-500,-500,-500,-500,-500,-500,-500,-500,-500,-500,-500,-500,
-500,-500,-500,-500,-500,-500,-500,-500,-500,-500,-500,-500,-500,-500,-500,-500,-500,
-500,-500,-500,-500,-500,-500,-500,-500,-500,-500,-500,-500,-500,-500,-500,-500,-500,
PS_Config_Diff_Test_Frame:,
50,
PS_Config_Digital_Diff_Test_Frame:,
50,
